By, x, y, farge
London, 51.50732,-0.12765,blue
Paris,48.85661,2.35150,red
Amsterdam,52.37454,4.89798,orange
Barcelona,41.38289,2.17743,yellow
Wien,48.20835,16.37250,red
